prefill_e2e_time,decode_time_execution_plus_preemption_normalized
0.1381125166336914,0.0114056876851517
0.1626213868537132,0.0113508269122152
0.237973966733195,0.0115756747737298
0.1455356673436316,0.0121017622335421
0.176336475001527,0.0116583452676854
0.274132069704228,0.0115116630658649
0.2484702932026401,0.0113304726274691
0.1525316180541764,0.0118390265137817
0.2013624055228291,0.011547442099011
0.2025608380776198,0.0114892872478405
0.1533708397582813,0.0113347949342041
0.2484905377414996,0.011205998656564
0.2649593736112265,0.0119687741850079
0.213689376766986,0.011589880695137
0.2635583855443855,0.0117788418506411
0.2790152990528938,0.0116835744374216
0.2923363226991071,0.0111121581998426
0.1663706916025091,0.0118428070380038
0.2205249536311271,0.0118648893687234
0.2091077200439883,0.0115574673828536
0.2724053898456731,0.0119964464455046
0.17292593524256,0.0111907221633924
0.212232152555444,0.0108745554030697
0.2493622773336312,0.0110214400251451
0.1471373439580077,0.0108015036376759
0.1891580073298797,0.0115827373591744
0.1728654017032198,0.01148233215857
0.2401971532428604,0.0116144223393971
0.2544736437501882,0.0114325285032286
0.1693929294410452,0.0113010000497538
0.2380762767847386,0.0115740909062675
0.2132194660275388,0.0120159838121323
0.167633014288512,0.0120787639336962
0.1481727253869706,0.0120649991220053
0.1677550855431206,0.0118659536748342
0.2088342476560569,0.0115373891920488
0.2209262694461244,0.0110833115610208
0.1376722721085741,0.011238661388328
0.2415167460387408,0.011453459708322
0.1985746886645074,0.012004058874732
0.1772574329193048,0.0112711328369917
0.4246495498973957,0.0110738153629928
0.1575590241669715,0.0107654571102034
0.1850114718413635,0.012541096946306
0.1696821786020734,0.0108437811216677
0.2237512678173914,0.0129140542997165
0.2001743846397801,0.0116860145367036
0.1781562923298736,0.0118313030115408
0.2235217847053547,0.0113405949903131
0.2294599882115449,0.0120421271509747
0.2248905355358488,0.0115790008521312
0.2515398841978822,0.0110114396072171
0.2312435113837239,0.011144750904232
0.2126095671793564,0.0121495591933037
0.2337139376681136,0.0118542932463953
0.1698313289347481,0.0119373313040374
0.2527709329147285,0.011601845463523
0.1489066649214407,0.0112199297812342
0.141039648175564,0.0117982709425728
0.1482022017296742,0.0115172473508186
0.1705977567237084,0.0113462767710276
0.182798409652463,0.0115161213673644
0.249759524498927,0.0119388992377415
0.2194771129134665,0.0118112616778484
0.1586056865848206,0.0119623030160988
0.2125149900290637,0.0118183256552897
0.1494333908500493,0.0116089686321781
0.2778618167564843,0.0116966594365588
0.1604670079823336,0.012062050344221
0.2457828106901445,0.0120641716571988
0.1715015057846471,0.0114987742667523
0.1594585101996131,0.0117363534369423
0.2702049515772557,0.01151355963944
0.3009257969052328,0.0111816713166272
0.170195343394738,0.0112195731243486
0.2264282754447606,0.0108358184587576
0.1410396481755356,0.0111973407947842
0.2088664142733591,0.0108313211573111
0.2129558861020655,0.0117254360462783
0.2689748934425324,0.0112524389937502
0.1931487117734036,0.0112169479737539
0.2374880495180491,0.0107769216456113
0.14103928986151,0.0119378144998968
0.2731459889329244,0.0112442569300698
0.2699153284943349,0.0109375084326387
0.1459997982213963,0.010771654815395
0.1701673113947208,0.0117677206068825
0.2449745143161408,0.0116459031004969
0.1527054634667024,0.0118053233700016
0.2497643911868294,0.0109834734496882
0.1677222155229287,0.0116165228951725
0.2085307164410892,0.0112650023906483
0.1923226940965605,0.0120037343447642
0.1527820603691907,0.0128339440357696
0.2466628141838782,0.0122197809141397
0.1785694005410505,0.0115392919286163
0.2023424723712992,0.0114624791408972
0.1932293265827525,0.0117139810003936
0.2457364060453528,0.0114055666055352
0.2632963055568211,0.0112529527340446
0.2309064309344535,0.0107916894783029
0.1476606954216208,0.011769996392716
0.1633520498563712,0.0114802456521001
0.2533747443227412,0.0112984240170791
0.1806365130483413,0.0122342920686726
0.1909964838467885,0.0127569207415812
0.2290434439981936,0.0117278861582647
0.2696380706163381,0.0116948142734466
0.1984206698685398,0.0113532077104759
0.2428869438893457,0.0109972457769677
0.161163965878643,0.0108671484660973
0.2533175980490227,0.0114542544200435
0.2001756820502009,0.011812322101637
0.143952803565071,0.0118968973273245
0.1450712041747124,0.0116477683779607
0.1906801498269601,0.011762024196066
0.2497490259598862,0.0110391042561403
0.2627314497605653,0.010784804914771
0.1701953433947096,0.0107766490954009
0.1696841406022713,0.0120190849186298
0.3420205972597614,0.0116266887753364
0.2175056787728522,0.0131413669652391
0.2707394823085565,0.0129532380393314
0.1544061664790206,0.0129067365112169
0.2295630360225118,0.0129162825181848
0.1779456729865387,0.0126579278917566
0.2703800783150996,0.0124378782583613
0.1576838155847326,0.0123968094433436
0.2482928820208485,0.0118061238807329
0.245094740950492,0.0110771855307926
0.1482385884447694,0.0119079135740714
0.187216775566128,0.0117015680364162
0.2155679374935744,0.0113019300561786
0.204593172871057,0.0124679328202346
0.235147753243325,0.0131798561828208
0.251825252498179,0.0131739687909838
0.2757168230977527,0.0122530704379528
0.5083677288706099,0.0123853634363595
0.1635315027524484,0.011872381884854
0.2648442060755087,0.0116699516609819
0.1984670472011771,0.0110799556646421
0.2038226801949463,0.011568165768217
0.2389740219715008,0.0120108654370499
0.2671353030602859,0.0117910454509969
0.1690820023837318,0.0119636828831692
0.1440037335923421,0.0122579693945609
0.2186923777610445,0.0119753550349632
0.2194098945667519,0.0117738608121453
0.2747230213276452,0.0125132059820282
0.1912852593002867,0.0125822544627092
0.1765242515095906,0.0124288117970929
0.1776048157806826,0.0122523663885104
0.2660383133319328,0.0118176005596079
0.1541041482402079,0.0119711237246456
0.2640586994930913,0.0116441777441127
0.2142417896180291,0.0110731158086902
0.1687479420501745,0.0109503631083054
0.1478416179234045,0.0119869028762852
0.2719358610463587,0.0117092410679187
0.2727636783426419,0.0117737830512055
0.2224536911170389,0.0113225882141982
0.2083696318254624,0.0110712119314482
0.2451993724282601,0.0111194521280309
0.2644028479995768,0.01140425441612
0.1751365287937005,0.0113337953377248
0.2456877736983642,0.0125569495090272
0.1905212302781365,0.0128669290728288
0.1980412931636692,0.0128475823299025
0.2045160565463675,0.0120146289717254
0.1764485613514352,0.0126796198383405
0.2789346751393395,0.0125730206931637
0.2682961311165854,0.0120150720914871
0.2156393985910654,0.0120347260345253
0.2187590123267,0.0111103727509954
0.2359643927676415,0.0107717482501686
0.236071001917594,0.011373457674044
0.2071395858391724,0.0112254352418936
0.2131467688971042,0.0115680474594756
0.1905747481090429,0.0114537995296384
0.2155015717773949,0.0113073474203995
0.2152257843993084,0.0110091531275635
0.1535569738896356,0.0107616495518425
0.2360129250077989,0.0114319182213523
0.2154165127908527,0.0108694475091473
0.1575984450745409,0.0118033430666384
0.2013354698104876,0.0116828019677211
0.2051721643252904,0.011523701322797
0.2131388376012637,0.0110398471190205
0.2177697004632364,0.0107861165290151
0.1407967536855494,0.0112242984683052
0.1569624345714828,0.010849297115038
0.180217832514927,0.0108064568001882
0.2394015342624698,0.0116689487636168
0.2166187200521108,0.011331676269184
0.1783994451404851,0.0114331038189991
0.1999025372598453,0.0114476293534893
0.2848549981740689,0.0109326736907854
0.156685073826452,0.0114663693908348
0.143547075160427,0.0112982023058748
0.2111623148332455,0.0109784016519457
0.163740264540138,0.0117961787445626
0.253224944143767,0.0115383456324406
0.1938223842714705,0.0109424478146552
0.2415767297177353,0.0135383971770209
0.209115536131776,0.0127703693810775
0.2703796996954679,0.0125050948487768
0.4523606527690162,0.0123126232522862
0.2549517500775664,0.012176917731932
0.2272723041112385,0.0120995484877484
0.2619832731795668,0.0117183219342737
0.2447938184310487,0.0122132355343525
0.2677217685968571,0.0119817358148887
0.1782070979384116,0.0119395921381693
0.2186817114173891,0.0120309707802064
0.2505731644432671,0.0118636121134422
0.2211214680205557,0.0116941506835296
0.1730218381651411,0.0114420422262908
0.2023623880189689,0.0108808837460009
0.2558742192414911,0.0120577596169172
0.2381149245351252,0.0120813548720971
0.2693212960612072,0.0117567796654956
0.1791998939698942,0.0114118513048703
0.2256048115017392,0.0118087996285308
0.1540708250345233,0.0127550540343659
0.2653179190043602,0.0125923639084863
0.2462711167387397,0.0126820461242552
0.2442762258631319,0.0125014241212268
0.2884598383670891,0.0123682405233837
0.2267988738685744,0.0120485857747987
0.1817590212889399,0.0119767759035641
0.2082180350047338,0.0108665197719248
0.2533145687158367,0.0120984190736719
0.2726321274086558,0.0114385211628926
0.2565673587276933,0.0112928578808256
0.1631878132492374,0.0123603748844274
0.1770286541016048,0.0121863152225954
0.3516595189747704,0.0115854507910989
0.1467414026615188,0.0119892999092605
0.1655217582216437,0.0117548902616384
0.1522929785745645,0.0117701752507144
0.2180111718336093,0.011411995937595
0.1559402467094059,0.0112839223126539
0.2116834339595925,0.0107819667431593
0.202479527039145,0.0123831236940928
0.2619433378156373,0.0129197645502303
0.2498724970644161,0.0119401296433821
0.1972936996588714,0.0119145617501465
0.2154222368882301,0.0116001549848469
0.2079322073029743,0.0108316162275392
0.1886391099831144,0.0115069673452639
0.2575830648105466,0.0115727738108653
0.2712666611914756,0.011014246425881
0.1645882431591872,0.0121001939335683
0.1524917953452131,0.0120447225153844
0.2368582081470549,0.0118224488733282
0.2135045738826875,0.0119429420390401
0.2207248684696878,0.0117846504111464
0.297761513070327,0.0115547806989865
0.2264044018293134,0.0111021607658072
0.1824636335770719,0.0112224351768396
0.2453260213995918,0.0115209236596926
0.1973312313274391,0.0118562323182183
0.1650357636987109,0.0117433619066364
0.2415334979712042,0.0116453479905602
0.2195960874018965,0.0112679179137802
0.1895511167884933,0.0114973880504355
0.2210443199852534,0.0114032253929573
0.2166405586516475,0.0115788302940593
0.1504926895203198,0.011664572488931
0.2616344665930228,0.0111667654208092
0.2512392869959967,0.0117636507631625
0.1662405261638468,0.0121300858833807
0.224507280695434,0.0122949170580261
0.2520180576520943,0.0122927737813873
0.2286850121225825,0.0122460091630047
0.2171593430789471,0.0127719130760608
0.1627395866393044,0.0126568074720147
0.2757256471165874,0.0122196840485897
0.2204462376894298,0.0125559797249449
0.1999849726513503,0.0120165362883253
0.2205992531719403,0.0113261762830827
0.2436213623487901,0.0115066645225209
0.176535496795168,0.0113327957412543
0.2337909400449689,0.0114444284556048
0.1715302869220067,0.0111757130142134
0.1929257241756659,0.0113935361768372
0.221811963009145,0.0118446899877285
0.3704518856285403,0.0112651236515315
0.1966392726552612,0.0112902461558249
0.1529888311742979,0.0107825175476519
0.1479466844448325,0.0107882114133005
0.2470661396062041,0.0118053339537239
0.2681182222702318,0.0112693415232881
0.1930110532618982,0.011140622975435
0.215678332330981,0.0116574215055751
0.1638982904993327,0.0114936749191624
0.2471972547466521,0.0111303168775428
0.1905773443768339,0.0113346025297302
0.2372564357831379,0.0111650384232239
0.1924458273798563,0.0111278394132886
0.2473554515546538,0.011282873281317
0.2130841508259209,0.0115797224005564
0.2444507849347701,0.0114169490909902
0.2023461529960286,0.0112637038041675
0.1658998165725052,0.0121468302656485
0.2079066465175856,0.0123176798638852
0.2251307517183249,0.0120619720206015
0.2628220281253561,0.0120651813883237
0.1525117076649849,0.0117530827343024
0.2473518659487581,0.0109134949603492
0.2071266154699742,0.0112750721227343
0.2138807373202098,0.0108345060647281
0.2020097063026469,0.0116452661228258
0.1941565789592232,0.0111974770281854
0.217211790183228,0.0109836774182001
0.248546309386711,0.0107941571302493
0.2467675387797498,0.0112336471066688
0.1436773101772814,0.0115275152694145
0.2626188777019251,0.0108718053912769
0.2586661545892639,0.011723457287646
0.1550758950691033,0.0114395731374964
0.2722993963154749,0.0108333611061357
0.1400796954169436,0.0110278891453811
0.1911473861996455,0.0117284480352391
0.165509337624826,0.0117073391789163
0.2446558895007911,0.011816483298782
0.1564044741558063,0.0113352577119107
0.1727544766233677,0.0110471995532561
0.1643196901625288,0.011413176959794
0.192132599718434,0.0110811127268596
0.1455808505636469,0.0114060598719882
0.256961651470192,0.0117334261406565
0.197254716137877,0.0115674585577642
0.2113587074729821,0.0113026048828555
0.2001350081220607,0.0109319038859609
0.2157623948498894,0.0125027964158574
0.2460456043720569,0.0122777684846861
0.2762368075730137,0.0121697318198298
0.4513991237924983,0.011679331509562
0.2510616540139381,0.0117036337099053
0.2581308894200447,0.011040011908511
0.1923859821069982,0.0112172065441627
0.2020461745794364,0.011250020270585
0.2480613873067341,0.0113629834147066
0.2726291117030541,0.0119557632442512
0.2600043278671364,0.0115439088674213
0.2173185055949034,0.0121004712123867
0.2677832798403869,0.0112812512993211
0.1971270524652482,0.0114922871842058
0.1636705121063641,0.0122180609625912
0.2428354558844603,0.0117203014148189
0.1913858924415308,0.0116892505118052
0.2282200433023717,0.0114184172570794
0.1977789993838996,0.0111649231210629
0.1554727052932776,0.0108120060972049
0.165813880094447,0.0107887926706565
0.2311477554771954,0.0129628338011029
0.2071216611216186,0.0123408991063401
0.1580446955597381,0.0125545698942508
0.2915174575678065,0.012619976696779
0.2627046422478543,0.0121062597644507
0.184949197183414,0.0119095120169819
0.3480933722025838,0.011640070350722
0.1726560866618456,0.0112848382300406
0.2246627830531906,0.011341693129367
0.1612522339887618,0.0113137099740538
0.1500226435896365,0.0109814394638279
0.1482380068996462,0.0118885367788447
0.2374520618595852,0.0118980575645267
0.2066546445867061,0.0113516051796134
0.2667976963957699,0.0110403622411539
0.2515173392780525,0.0107806355596493
0.2391288842698031,0.0107948544722695
0.1828973563744966,0.0107671127025304
0.1658077510160183,0.0122597173106435
0.1767448298689942,0.012372535376465
0.2606910000249627,0.0120757355237007
0.2687875891638214,0.0116300235091428
0.2310818807056875,0.0116621448254464
0.2129558861020086,0.0117565155454266
0.2719801675750659,0.0113884832398898
0.2722807317361457,0.0108700659125836
0.2360156007803198,0.0117003441794992
0.2458742745011477,0.0113335597729394
0.1745572525242096,0.0115217250460045
0.2436448013640983,0.0114064266069729
0.1633342649436144,0.0112127230100197
0.1607264335045783,0.0122942442139215
0.1747724791748623,0.0123148492123519
0.3040655849579252,0.0118834608774294
0.3990653899197696,0.011829275273505
0.2130799950955406,0.011316622787356
0.2262077266980213,0.0113219872151158
0.2378577365805085,0.0113228632778877
0.1731781172525188,0.0109508203348521
0.2482806888817776,0.0110160082817106
0.1435316651684388,0.0108624148052476
0.202479527038804,0.0115644417490824
0.2202890640794521,0.012797967914056
0.1590081738688695,0.012198439517935
0.1530904530761745,0.0134726208806096
0.2608674245482234,0.0126411113703837
0.2511959745231706,0.0123692485125362
0.2536381506804446,0.0119498282059602
0.2696732353686002,0.0116934251994691
0.2552639666048435,0.0119778687612535
0.174495159309572,0.0123773988082981
0.2196305195047898,0.0126441523685771
0.1541424349557019,0.0127209110436589
0.2690805527997781,0.0125325108549466
0.1653037502753704,0.0120954625040642
0.1585473617876687,0.0124031276101338
0.2871665836964894,0.0115787023522301
0.2457218876581919,0.011599520781536
0.2473781241078541,0.011119420135049
0.2139694612494622,0.010950035630509
0.2784886148440364,0.0111340364369897
0.2652296230185129,0.0108901161802727
0.2375295512465527,0.0117609197098068
0.2447291313553705,0.0116064952491968
0.2180701612728626,0.0112443988910671
0.1915417046673155,0.0113710587727803
0.1878811089916325,0.010875181051642
0.2484208001653769,0.0119831113386347
0.2738924189270619,0.0111536427600923
0.3433292140875892,0.0109107798153641
0.1915417046673155,0.0143743687858702
0.1594219725125185,0.0127672451896984
0.2700394563553345,0.0132591929978908
0.2440697369113422,0.0122031446611658
0.2192024329842752,0.0120149016565332
0.2011519762484113,0.0117566511921038
0.2545096051612745,0.011033876611689
0.1600809954529722,0.0107709011775689
0.1401631823584921,0.011920649432888
0.2530379439674561,0.0118765631815383
0.2207159677211621,0.0120111631883436
0.2404384004842086,0.0117277403844533
0.1568918864913939,0.0119299614580227
0.2527528364723821,0.0120398938007001
0.2048704360247484,0.0124340106114945
0.2687821492695548,0.0118120501601908
0.4082525409878599,0.0115954090978866
0.1968450286308325,0.0113240043963283
0.1497045317321408,0.011928035346484
0.1709818854280911,0.0127025429263245
0.2634763819805812,0.0125853214687503
0.2644454084613699,0.0118657911773657
0.3005188758413624,0.0121275232901466
0.218465136503255,0.0113528624765116
0.2360710019174803,0.0115894674409623
0.2644796876086275,0.0113135241186998
0.2095001725249403,0.0112815737833876
0.1598163831708916,0.0111662502561259
0.1993731629445392,0.0116622562358272
0.1597058877398467,0.0118882162823726
0.2120386956792117,0.0119026297684563
0.2023016118066607,0.0114628998918248
0.172547942213896,0.011504407299897
0.1552025580770077,0.0109315188662137
0.1915336493946142,0.0117551126329907
0.2519166763829616,0.0119860681897425
0.1704305006383037,0.0122699572154113
0.259480685743938,0.0116708638230133
0.2627334451674414,0.0121790805616191
0.2595859951618422,0.01167240402665
0.2534586966801271,0.0115011082324965
0.2519319076202464,0.0114517235236719
0.2616400753322523,0.0123466178699152
0.1586948568947264,0.0120806449359226
0.1990591189166934,0.0122395180437859
0.2037615613098751,0.0124444439072072
0.2266317108815201,0.0122743670236601
0.2251783827227882,0.0116904991741471
0.1573076464937912,0.0118246424172079
0.2404781478117001,0.0121854983201829
0.2449585194608516,0.0115104559705834
0.2306211334700947,0.0110670431065467
0.2096705646620194,0.0107810845644693
0.1918635801998789,0.0116775743862216
0.1628752469491701,0.0120674852866991
0.2214615454165596,0.0118131893810422
0.2547500682394457,0.0119054618306741
0.1951922898354041,0.011827123571332
0.2076985987250736,0.0112569829930496
0.2757063261406074,0.0121746469355608
0.1754756626178277,0.0119184184218741
0.2681040839611341,0.0119149660751383
0.2510948102765269,0.0115020344319316
0.1860443078096523,0.0118715150274279
0.2677945417513001,0.0115808161840199
0.2111642562088036,0.0113969645812444
0.2578008825619235,0.0117530739030701
0.2205291929185477,0.0110930017281341
0.3315998729594867,0.0109185483668149
0.1900250784283343,0.0120640707128613
0.1707312218873085,0.0118262866526696
0.1521703796206566,0.0111243769650692
0.2511168647909017,0.0119372808684928
0.1645325015101661,0.0117525530095552
0.2688683345022582,0.0112430430378716
0.1456125679699198,0.011175792972004
0.2671155428527072,0.0108951874813971
0.2409095030645858,0.0111134972194853
0.2232456294432268,0.0111522756174003
0.1982579521766183,0.0110039127063544
0.1709531307078577,0.0113895338175974
0.2509224416617144,0.0115388422725174
0.1979509135182979,0.0113889784483561
0.2139751523473023,0.01118557764415
0.2385510284150314,0.0107836867117053
0.1407967536854357,0.0110296929628665
0.2410057616552876,0.0108074438122732
0.2282388621013069,0.0116969208536143
0.1669565181657617,0.0112699331833809
0.2408255577827276,0.0109688091981847
0.1454335411826832,0.0107765851990295
0.1915336493946142,0.0117849710620277
0.2101398211741525,0.0114812565847947
0.1597210299678408,0.0116078693159509
0.2021863634436158,0.0111972129388169
0.2559925693738023,0.0113143848811211
0.1701394859865104,0.0114607886788281
0.2210821358705743,0.0108591205682316
0.2149778991549737,0.0123021031428732
0.1522006065160894,0.0124898926915325
0.1658852262264645,0.0126470721099219
0.1992009434604824,0.01250184526661
0.1493938522103235,0.0126820542940399
0.2799988798458344,0.0123396406884481
0.2766013323648622,0.0123736484475575
0.2515515041129674,0.0118814139441179
0.2225287273940921,0.0117430007518084
0.3836622462667947,0.0117738917757651
0.1712589036087592,0.0116657624839379
0.2031289108003875,0.0110431065136897
0.2306295943565146,0.0114236897797287
0.2231098735433079,0.0113395037964293
0.2049173196892297,0.0110890903523875
0.2080039830364057,0.0115071097062431
0.2750262363388174,0.0108515740629079
0.262722247219699,0.011461950469821
0.1980548303761224,0.0112228318380671
0.1723510936485581,0.0108428676237987
0.2116911992927725,0.0107865518224472
0.1698084670022126,0.0111264937013867
0.1888569825180184,0.0108495878068151
0.1476529130802646,0.0108149508343172
0.2281443845131434,0.0107946560081474
0.2304893465793611,0.0118399750411345
0.2563064416874567,0.0118651571424178
0.1510978404387515,0.0115904460107093
0.2111061611135483,0.0115202824285977
0.2666198049500963,0.0110539283884225
0.2119787098972665,0.0108124391115279
0.2112090055072712,0.0117735602648304
0.2370000990424614,0.0117726333396835
0.2803582625281251,0.0132960490023029
0.2553496535927024,0.0131263396353889
0.2064798087021699,0.0139328631134511
0.2631486155160019,0.0132047402170298
0.2556344732010984,0.012656965142246
0.2252798265919864,0.012525730347703
0.2721337620348549,0.0121716659256099
0.2277085720365903,0.011530871750231
0.1534957628846314,0.0114059298417454
0.2109934700306439,0.011305185817475
0.2870659070908914,0.0110632343068208
0.1695781651355901,0.0115363125719612
0.1770086538713258,0.0111828401122034
0.2051718494833494,0.0116012466242038
0.2468218976318894,0.0117080596265846
0.262302126965551,0.0108590477824673
0.1936560703513805,0.0113401259652119
0.2524078228734652,0.0113494057449932
0.2097060551263894,0.0118975410286571
0.2239414737334755,0.012880780205437
0.2603333697595644,0.0126826485297013
0.2515798851659383,0.0123090684400028
0.1960953627105937,0.0124772640752707
0.2593349566429879,0.0124395259874438
0.2235595993322476,0.0122353390031019
0.1581086505743769,0.0116141365450139
0.2766387476815453,0.0112815143065614
0.2489770182326083,0.0115518029743904
0.2650154904531518,0.0115637191688252
0.1954582261253108,0.0108430121720199
0.2578773889340482,0.0107860082939351
0.2277924946829443,0.0125904410969096
0.1731570066119729,0.0125804301707228
0.2223636205596904,0.0119854695755235
0.2435495685028854,0.0120211498407643
0.2492285556318165,0.0119446947955142
0.1519645461357868,0.0122087282762534
0.2754000444292614,0.0122483602010567
0.2069813086475278,0.0130159885965511
0.2011317610852074,0.0126373895476651
0.2753703472269535,0.0118342203331909
0.2483584251954198,0.0117383994055439
0.1635040215251137,0.0119950135281237
0.1547408192589046,0.012401632451279
0.1973397066733468,0.0122435633445081
0.2800091357262317,0.0116986618314712
0.2448922957448758,0.0114135272041683
0.187598584438092,0.0115795296206467
0.2388738108265897,0.0120480901500258
0.1899698979664208,0.012094990991685
0.1645655929451095,0.0116748572752423
0.2643815258666109,0.0113899381995776
0.243607502746272,0.0108529588930098
0.1384566937326781,0.0119535938156586
0.2564359501097897,0.011312941968004
0.2443856793802297,0.0111047367850365
0.1501083690936866,0.0110732398838396
0.2377073842208119,0.0120935105544083
0.189641014717381,0.0126766071579634
0.2652410078358116,0.0125917046939748
0.1550652298005843,0.0131479007679448
0.2153734991757119,0.0127359550350073
0.2039445039722522,0.0123430286028171
0.2849335977157352,0.0129250600048657
0.2027676907273417,0.0123147596364694
0.2113460693244633,0.0127653282472767
0.224934484478581,0.0122588678452882
0.1973075464416069,0.0118215653673894
0.2053069033095198,0.0114612051335358
0.2144981334577096,0.0108038314751116
0.1568466917233308,0.0107830410785772
0.2619236110072052,0.0111035967167557
0.1633563328300624,0.0108787599455943
0.2114335709284205,0.0112831798956772
0.2218844268650173,0.0115801129850818
0.2112046735664989,0.0108966387155317
0.165407392536963,0.012082731825375
0.1975594661325885,0.0117843952625549
0.2587818143142613,0.0118144105884094
0.1455573397547596,0.0118417303053178
0.195463921461851,0.0117435170337925
0.2056629051548952,0.0121377703595884
0.2447469838875804,0.0117762705526259
0.1923826357492544,0.0116137395354772
0.2245973793951634,0.011501391185961
0.2615014263592456,0.0117279013378857
0.1608710727578,0.0114593542837269
0.2052969518827012,0.0114299930731285
0.1754742195794278,0.0123262081814323
0.1495039163173714,0.0120465412871022
0.1974921702403662,0.0123165071532822
0.1687727565185923,0.0128222148791302
0.2540137842224794,0.0121402238442183
0.2599642235982173,0.0118288434722351
0.2480703021160479,0.0113308050489892
0.1990454593606045,0.0110900219437554
0.2024898332983866,0.011141198745489
0.2127119735177984,0.011231155900082
0.2658220473840629,0.0113290151487879
0.191419406890418,0.0126386800289999
0.2487626993302001,0.0134028657289923
0.2603858194634085,0.0134713861258776
0.2785692270867912,0.0135245333395409
0.4313052407051145,0.0134765631013882
0.2338938698571837,0.0127319054411591
0.2125193600659258,0.0125704400756627
0.2597978697608596,0.0117985710908214
0.2745033380033419,0.0109885368113404
0.2282621181548165,0.0116047434334319
0.2570387105101872,0.0118335896534084
0.2054663667117893,0.0120075323078462
0.2455443042085789,0.0120518832966736
0.2634340588610939,0.0117923281173273
0.173836893819498,0.0113500687377245
0.2008982981660665,0.011010508510837
0.1850114718413351,0.011730243951583
0.2673055916052362,0.0116584123605047
0.199230418600564,0.0116190131559022
0.2455857738973463,0.0112315023482781
0.2007590879770759,0.0107933294256848
0.1561537851143839,0.0119201202802479
0.2760326746220016,0.011570869477937
0.2151390480735244,0.011301388515676
0.1745807929414695,0.0108313461610812
0.182439126213012,0.0124972011515123
0.2470629479989838,0.0122552171448511
0.2612244520660169,0.0122057085338712
0.1470282901877908,0.0122336692739258
0.2741445411206769,0.0110988241162399
0.1616280697403453,0.0111595734613962
0.1596942787291482,0.0112974357299557
0.2158052223589948,0.0115691711435341
0.1916864452819027,0.0115194602529063
0.1522093518428846,0.0115961845990673
0.1735202870995635,0.0109068666079311
0.1571267762283241,0.0109625988548578
0.1656736994818857,0.0107644642825722
0.2009837436935413,0.0113944833015136
0.280419976387293,0.0110563078868674
0.1515862560349887,0.0115086717710847
0.1632906727782028,0.0113278860977942
0.2573939493731814,0.011287451007698
0.1698403359182521,0.0116784861857069
0.1576131188544423,0.0116754411699283
0.2157059175165159,0.0114423998268242
0.1488217366359094,0.0116456253578876
0.2442403917198135,0.0114993704760318
0.2559446710019983,0.0120435595978612
0.2330652131945498,0.0123718373201081
0.2619376947191085,0.0125824989744609
0.1614569726671106,0.0118966072839799
0.1906692639695393,0.0120050334444576
0.1801120262339282,0.0117025981792742
0.198610973891391,0.0123128003838512
0.2441758197674062,0.0129248115064914
0.2050676238213782,0.012294175950867
0.158661176662008,0.0120201419072232
0.209345148630291,0.0119374233959142
0.2585230422873792,0.0113963621505274
0.1792635136139324,0.0110878010456919
0.2116911992925452,0.0117888926694635
0.2504738131865451,0.0116713350645978
0.248303871515418,0.0114335428715171
0.2628283001354248,0.0115431461866532
0.2582653154572654,0.0126633396871095
0.2384686383029475,0.0131121222671179
0.2670317522665755,0.0129951898355286
0.2615580573979059,0.0128435349410314
0.1669971641522352,0.0128112431711439
0.2443043082839722,0.012478282591927
0.1825736211844741,0.0122363156380457
0.2470549050635782,0.0120447789661673
0.2222253710874611,0.0117807450935911
0.2217535234108254,0.011650178195797
0.2570538428954023,0.0111209247826613
0.2108987712399539,0.0112381602133831
0.2710371226507959,0.0113437720881255
0.1546340884478922,0.0110505118481829
0.1599616968519512,0.0109754442598791
0.1696841406019302,0.0115939422242808
0.2356792417326687,0.0112917568336435
0.2525028122490766,0.0112931602624148
0.2147393233331058,0.0115889945684433
0.2057820708232611,0.0122943794524815
0.257190371865363,0.0119037670002858
0.2044871978619085,0.0123205989933938
0.2390774219275044,0.0115849498485609
0.2754122680735236,0.0112289720170501
0.137998696314753,0.0115297897648421
0.273420903121405,0.0124216217530216
0.1822285698540326,0.0127618418592898
0.1714376278555391,0.0131336883290381
0.2744041237265264,0.0128602997117352
0.4266573392710597,0.0126285398013417
0.1488085182299983,0.0126562479817704
0.1586000109646193,0.0124984361203775
0.2654541173337748,0.012347503714397
0.1559141332227227,0.0115358932952652
0.2461915144008344,0.0112172620849699
0.1528227537287421,0.011236729459165
0.1987431896827729,0.0108185032760598
0.2589256274272884,0.0118635840458081
0.2568141518154334,0.0120686627106496
0.1666339988059917,0.0120100956053296
0.1924915740783035,0.0119601815014585
0.246392300943171,0.0118329347267435
0.2266435571127658,0.0121163595045302
0.25647781120324,0.0117997947237909
0.2041276793529505,0.0120917337700678
0.2000686549390593,0.0119394524612751
0.2458218195884001,0.011695366157893
0.1837246012000832,0.0116383048848603
0.1617090983763773,0.010811337458455
0.2316876671393402,0.0107949733142425
0.2311477554767407,0.011567596731967
0.1941945113781003,0.0112015773090533
0.1503825045201665,0.0113415593080837
0.1590818750632934,0.0112657294794381
0.2090710726884026,0.0110064046646114
0.1652526730617864,0.0111190479168446
0.2014011750584359,0.010830308251809
0.1380232406881987,0.0107799632068769
0.2584480742088999,0.0107821658016678
0.2116911992925452,0.0115032579523888
0.2693219121829315,0.0112248755983664
0.1797043446645148,0.0111471645518538
0.2076169225119883,0.0119069760550433
0.2094104558682374,0.0120016745267047
0.2378402704202926,0.0120608494355027
0.2680373253165271,0.0118334702423022
0.1966442245866346,0.0126121085851662
0.2120336660291286,0.0123553464055439
0.1813309327521892,0.0135213893353207
0.3653963410743017,0.0135530772665006
0.173645148743617,0.0136353380016648
0.2502891014673878,0.0136331493978101
0.2646108879262101,0.0134726425822803
0.2439073346617988,0.0128685392967759
0.2749704081770687,0.0127514194056293
0.283573067312318,0.0123284315417105
0.2553554696019091,0.0124637399627689
0.1597824726973158,0.0118674516059713
0.2125129188289065,0.0109061147559592
0.1663706916024239,0.0107658221112992
0.1376718786536912,0.0111408212720146
0.2076831299496007,0.0114474451857738
0.2582693429126266,0.0117746840283822
0.1446555983911821,0.0122867309492549
0.2282118877792527,0.0125327813839944
0.4293213027626734,0.0118352623660514
0.2026874056832639,0.0118209599467256
0.2680103446614339,0.0110984191452455
0.1610578055297082,0.0108507123492752
0.2282339323123778,0.0113757706526384
0.2457802364033341,0.011467928331794
0.1951333926599545,0.0124286181936259
0.2149122535165588,0.0121508671991801
0.2750105689960946,0.0123623586473681
0.160064776431227,0.0126221912836683
0.2127267217724693,0.011693898966644
0.1621350468508353,0.0113714325061407
0.1551183846886488,0.0110733042426404
0.2611662837944095,0.0118047359914133
0.1519752894332668,0.012250146293196
0.2607165892090961,0.0112152786007857
0.1583411992237415,0.0111039746768631
0.236015600779865,0.0113454817915729
0.2040006828715377,0.0108627384797778
0.2359913188129212,0.010784092143945
0.2578824236006767,0.010794612183106
0.1850114718413351,0.0112502835957627
0.2421960688939179,0.0115762140272575
0.2446947859812098,0.0118102455303995
0.2727825965739612,0.0112582428719634
0.2681406831320601,0.012313554537661
0.1975133821420058,0.0121954483769851
0.182170559727183,0.0117179382801902
0.2552707077657032,0.0109216164369646
0.1902484246716085,0.0107732565716137
0.2096705646622467,0.012630507278164
0.2419843345728622,0.0126059850041635
0.2649271781829156,0.0124604677811948
0.2546605017728325,0.0123078827274913
0.2738210680818156,0.0117057503749462
0.1656981031055693,0.0114210103527314
0.2608865150200472,0.0113645925960006
0.1980138403982891,0.0126198399911867
0.1494294262233779,0.0122876975350944
0.1933940477169926,0.0126612009209401
0.178260665938069,0.01220290142383
0.2499820454609107,0.0119598380576745
0.1562948543860329,0.0118429525400267
0.2589432355730423,0.0114204503597423
0.145595395635155,0.0117993263768238
0.1570822116768795,0.0120941302095273
0.1702416894991074,0.012915255076031
0.1887761998696078,0.012901940108165
0.1712513197780936,0.0127135411087394
0.1978244146775978,0.0123670396319228
0.1619223761390458,0.0122747575937071
0.1908461948087279,0.01179210621386
0.180436258298414,0.011369847613138
0.20618615581634,0.0116211710343011
0.1901541595566414,0.0113510204095524
0.1943434433619586,0.0118939867924428
0.2574839928265646,0.0120505461493941
0.2565817547424558,0.0115804909745296
0.1654451804834025,0.0110480528356245
0.18480730420697,0.0107950844920215
0.1659047863840896,0.0120400968545603
0.2115920936098518,0.0120697213064033
0.2459423228228843,0.0117093484996767
0.2481884751878169,0.0115960897000367
0.2440680187851285,0.010862902595924
0.2110324970217334,0.0111367211639196
0.1953532562779401,0.0108670446400682
0.2020097063023058,0.0116300252613211
0.1946103855407273,0.0113975084399685
0.1709700984879418,0.0113474635984129
0.1602367904788479,0.0109143239225708
0.2116931562177342,0.0121493125543907
0.2692647695344021,0.0123752992616366
0.2084770908518294,0.013178512262563
0.1912037405049886,0.0120428991718898
0.2624475606280612,0.0123938047322855
0.2717066990544481,0.0110320518014175
0.1901541595566414,0.0121736480146314
0.150686449119803,0.0120051901193365
0.2914824181611948,0.0116991407979041
0.2173158098212297,0.0125872098294023
0.2478350600495105,0.0127595954190056
0.1501684058730461,0.012668028785185
0.2183625982866033,0.0128430486541235
0.2680908111096869,0.0121681692960742
0.2081137255413523,0.0119530461997292
0.2397458097307208,0.0120620628632823
0.1551940007752819,0.0121067898011375
0.2169294465111306,0.0122953191229345
0.1823720093416341,0.0122177643469581
0.2733268146271257,0.0119011243866512
0.1721657192097154,0.0125308481168677
0.2367932913380173,0.0131170071950965
0.2129711531229077,0.0135357639035669
0.2161847595953077,0.0137862532603387
0.2664028780304761,0.0135802391771247
0.2768337034685828,0.0134952484394703
0.2305869996393994,0.0134819115299123
0.3810242846657274,0.0135808810823609
0.279024257922174,0.0127286990461442
0.2562080435295684,0.0128536973052147
0.1840015648422195,0.01255725983868
0.2652456915643597,0.012271216892865
0.2598532302799867,0.0121489695382711
0.2552161774065098,0.0115448995573538
0.2030716976864823,0.0113206863522985
0.2516754470830165,0.0108031158312413
0.255590204042619,0.0107916130326559
0.2360027716504191,0.0111915278667494
0.1932764534853959,0.0118988980584859
0.1624454312163834,0.0119509660121982
0.1686357829503322,0.0121491699540771
0.1685630901856711,0.0120218548711883
0.2261306751474876,0.0120667045743875
0.2283569226497093,0.0120952749803942
0.2090823335947789,0.0116015184206682
0.2068653481687761,0.0117286833130801
0.1799782199905166,0.0108926183341167
0.227483126934203,0.0117659193193662
0.2239782499445937,0.0116914937760707
0.216516342156865,0.0122353693290021
0.2460635325501243,0.0114988029055992
0.174448013489382,0.0127017008915908
0.2320924979726442,0.0124882023781301
0.2174374035075743,0.0121637572942989
0.163537654485026,0.0122792544240155
0.2421407792153331,0.0118176220700053
0.1490688201320154,0.0117543003048321
0.2155365523244654,0.0110761100859324
0.2576557398979275,0.0115024614492093
0.1512125200752052,0.0113492477500036
0.1565342765861714,0.0115091837457188
0.1530548051209734,0.0113505843483008
0.2636955542216128,0.011209013788805
0.2528659361964855,0.011218347979941
0.1675694772434326,0.0108877062873747
0.1553836229491025,0.0123662696273419
0.2471243760987818,0.0126751015181991
0.2718766908310499,0.0120812377022834
0.1993548018663204,0.0121835032023961
0.2859788657824538,0.0112687922800556
0.182553152066248,0.0110833258175876
0.159281588075828,0.0115387657484121
0.1962562016133233,0.0112701429832816
0.2562560860819758,0.0118254004595259
0.2484497722462038,0.0120081104601706
0.2173195684167694,0.0122904936198073
0.1528580962240084,0.0121846276493884
0.1936531376259154,0.0119804503948356
0.2181247080702633,0.0117421607841815
0.272537280155575,0.0113641463521657
0.2098183724046975,0.0110765976136078
0.2380116908007039,0.012178231942506
0.2152570616080993,0.0118737495457197
0.2029357403680478,0.0119679864875708
0.252679697124222,0.0118438172232922
0.226333394919493,0.0109665048248711
0.1401631823582647,0.0125622844544168
0.2215060442608774,0.0121620964952138
0.1680849381773441,0.0112151822134054
0.2118963599627932,0.0109599014460859
0.1554608161545729,0.0120924534745982
0.1973279088683739,0.0112649247716711
0.1931285084842784,0.012280615780719
0.271649477255778,0.0119708098782746
0.3355790527980389,0.0114027559529258
0.1775913367359862,0.0123829132829924
0.2707910621047631,0.0131584222569585
0.4835376510795868,0.0127683030125835
0.1844566375484646,0.0123009123870337
0.4195583627019914,0.011769166384208
0.2180217002510289,0.0122013992707233
0.178451961432529,0.012570238831851
0.1561693628455032,0.0125555964890726
0.2021503762484826,0.0123118260196199
0.1697287940369278,0.0124462819359794
0.2456783789020846,0.0119223612490469
0.1716168482785178,0.0111015527171119
0.1837650267557364,0.0108756909553515
0.2391283027245663,0.011162603715625
0.1592388631770518,0.0118697673615213
0.164949485010311,0.0114919842309835
0.2101391173723641,0.0112513687080013
0.1958278775309736,0.0111266552657178
0.1751968815797226,0.0112011134579355
0.264449035853886,0.0108135384224023
0.2511282758873676,0.0116176062866561
0.2491597405210086,0.0114057802874978
0.2021144203604308,0.0108784894581339
0.1659003285722065,0.0112812914162657
0.176446084865347,0.0111188933197575
0.1496120635861189,0.0111846591924272
0.1891580073297518,0.0119233399862183
0.2485990810523617,0.0115381681826091
0.2709684568003467,0.0114562681893409
0.1540175006489335,0.0112144231643436
0.1452094891906199,0.011895265152101
0.1500592668953686,0.0119170607447478
0.2571742757463653,0.0119487675992846
0.2110159876010584,0.0117949236986158
0.2418307022235239,0.0118568146320161
0.2009635097624595,0.0115658423115432
0.1731596795084442,0.0125314359009883
0.2054381459161049,0.0140712939773356
0.2148548686282083,0.0133495963175773
0.1664147202113781,0.0125391789952319
0.2550446941645532,0.0130951307927576
0.2902456491005978,0.0124841220860857
0.2765551623870124,0.0120813682605022
0.1664314163053859,0.0109050696885696
0.2281196252893096,0.0113491209577134
0.1651820719571333,0.0114350900072354
0.1534529045047747,0.0115183407569452
0.2185261941626777,0.0121679666767891
0.1899706863700885,0.0125457102727253
0.2749454925105965,0.0116157960623093
0.2863273206535268,0.0116280718842173
0.1928146347781876,0.0112044444744093
0.2516342433691534,0.0124111285826303
0.2716643167600523,0.0122541671575667
0.2540979642312777,0.0114238361582217
0.2624069801263431,0.0111013057774079
0.1575590241668578,0.0114549736487215
0.2736156817668416,0.0111732966630795
0.1776010355943071,0.010976417591713
0.1904503989130717,0.0111228186605523
0.2462099827616839,0.011578479659564
0.2600009915436203,0.0117610274144233
0.2391072100499514,0.011229598107306
0.146001844795137,0.0112606793539419
0.1961322800611924,0.0117627441070857
0.2183233519840541,0.0116819847952938
0.1944648027165385,0.0115277048792416
0.1755988555069052,0.0119505696899726
0.2203122762075509,0.0117021180650653
0.2448462193624436,0.0117284701492564
0.2142058360213923,0.0118510750291014
0.2017580188016836,0.011256333972219
0.1371902549794867,0.0113930159629451
0.2655019803332834,0.0118432849716244
0.2440750896512327,0.0113937653236352
0.1588810001740057,0.0114988127367707
0.15252559280907,0.0108305683885085
0.2282622639495457,0.0110704638033242
0.2002785016111374,0.0108523814858588
0.1456693459622329,0.0119817351508691
0.2581953930380223,0.0122324674317056
0.2516047185786192,0.0120490599673156
0.1679390062840866,0.011980849128552
0.2046590009745159,0.0120399928210979
0.2683098668344428,0.0122756125226422
0.1923502465197089,0.012184212575271
0.1706269083651932,0.0113546230710371
0.2436757265818414,0.0118039321485595
0.1711556148879935,0.0120415872587297
0.2126518365139418,0.0124041705663056
0.1728806866490231,0.0123869182944153
0.1886987040761596,0.0118839559540312
0.2734486596659735,0.0120343805421607
0.2730165948987633,0.0129808738154722
0.2071424340033445,0.0121939936242389
0.1932868180606419,0.0115732836975916
0.1487763876843928,0.0113518252190234
0.1649569809246713,0.0112635408528
0.2132630452088051,0.0124213765037405
0.1512438413124073,0.0124302906444557
0.1508940457997596,0.0120858611531338
0.2163643931630758,0.0119953946253053
0.2658987392669587,0.0119498266253645
0.2291704530925926,0.0112292060393349
0.2644820569039439,0.0109419562906085
0.2083696318254624,0.0126201653491101
0.2244787266222374,0.0122190873933724
0.2728014048975637,0.0120084240562904
0.2515785454138495,0.0125378392527982
0.2254072430932865,0.0127875817219853
0.3712977366390078,0.0127128629599536
0.1847184908374401,0.0130097493667717
0.2231211671678465,0.0127944353483057
0.353833058818509,0.0122445440457929
0.2433704003042294,0.0117718119108959
0.221727327742883,0.0121678045749957
0.2084462441716823,0.0115433989572309
0.2587749299937059,0.011401519195602
0.2395220621060616,0.0109884778765659
0.2578824236006767,0.0112696098978797
0.2205460267732633,0.0110143710989571
0.2273153904720857,0.0113718985474103
0.1655826961555249,0.011510568786073
0.1763111311179273,0.0110784705234007
0.1828970394467433,0.0107709701350517
0.2115293430033489,0.0117901601264882
0.1800672907806983,0.0122190942460409
0.2559583002744148,0.0118635690549079
0.2760445276985592,0.0113466928042223
0.1783832727760455,0.0114428366259354
0.1649293725354255,0.0114652448712301
0.2005987049360555,0.0110502100048928
0.1384564163017785,0.010782645392112
0.236015600779865,0.011120748363431
0.1707134627213236,0.0118451562527279
0.1606822033945718,0.0119948314307811
0.1768018994862359,0.0118897851135279
0.1819764247125022,0.0116251584925155
0.3927690001319206,0.011717265917056
0.206229744544089,0.0108684916131231
0.2149437653147288,0.0113814099963862
0.3516527172118913,0.0108700729399079
0.2282338521854399,0.0107937635375383
0.1959583340835706,0.0113860572919423
0.196405021094506,0.0113685300869187
0.1687147461061613,0.0121949922066362
0.2210817199111261,0.0129487204500194
0.2490330090449788,0.0125759194975473
0.2471647889256019,0.0127295167418562
0.278647508204358,0.0119011128574261
0.2710927579933013,0.011957043861544
0.2365436845839212,0.0113250413125393
0.2451073923270996,0.0114465042534119
0.203835909031568,0.0119900029783319
0.1616237334333163,0.0125102977950966
0.2855174565675042,0.0116856130239936
0.206886354546441,0.0114886935011388
0.1508048372556913,0.0122109071748854
0.1960551488077726,0.0122261158901805
0.1515482245577004,0.0117058282932928
0.1558289848730965,0.0121736896022546
0.2199479203327428,0.0111554324147393
0.2018480884053133,0.0114154372456171
0.2001904362227833,0.0118775494367476
0.2283229814229344,0.0118322919369012
0.1598296650895463,0.0118477400830168
0.2032743594118073,0.0111916290795783
0.1462458367591352,0.0117337817161611
0.2026704377276473,0.0112911187902411
0.2411162808275548,0.0114914279883087
0.2532085614620882,0.0116532120663462
0.2105388333752671,0.0118452859460762
0.2204951993880968,0.011436298036933
0.2334615804597888,0.0110636227161004
0.2020097063023058,0.0120770171994915
0.1946013849460541,0.0130395071224859
0.2054033890744904,0.0123261132759609
0.2086174638543525,0.0128737218885755
0.2013307308370713,0.0120760795861993
0.1524004571392652,0.0121060526037764
0.19735120651967,0.0119382402896372
0.1584757403256844,0.0115068341533722
0.2237367461557369,0.011013891024702
0.1876366382143715,0.0112569780229187
0.2145171581228169,0.0119566633469352
0.206831633814545,0.0115574416030029
0.1519726016167624,0.0114990203198266
0.1933730447922244,0.0111597485696456
0.236015600779865,0.0122421869376049
0.2633909608821341,0.0115733539104145
0.2045308605029276,0.0109996581351493
0.2360027716504191,0.0111686901088058
0.2088607104151378,0.0108422046355026
0.2530114828077785,0.0119876511338701
0.1721934336069353,0.0119491715366963
0.2118825893439861,0.0125175162766558
0.2407762374123194,0.0118468236771067
0.2270062492325451,0.0113890653790186
0.156883369721072,0.0107760165220753
0.155859237621371,0.012176102476049
0.2639089040699218,0.0115050283855027
0.2535621300407911,0.0111772578045525
0.1900199070628332,0.0108184931902735
0.14599979822151,0.0112651810880445
0.2069892748977508,0.0111043747345865
0.2403751698984706,0.0107965342420087
0.138022475980506,0.0113722752446973
0.1701033685349102,0.0114260405223828
0.2480082603469782,0.01101700507214
0.2329023369143215,0.0107808042654106
0.2294599816596019,0.0107931607072223
0.1824634079493989,0.012623838837547
0.2734973646952312,0.0127163557549858
0.3009803218446905,0.0127318090301443
0.2765921581612929,0.01243447182501
0.3239159995891896,0.0122960355154013
0.3733209700812949,0.0119621974304954
0.1442333796162529,0.011236545081405
0.197427987307492,0.0111476979390649
0.2198632850254398,0.0108828594483386
0.1660257420467132,0.0113759513010706
0.2634750113988957,0.0111352479621531
0.1959242648385952,0.0115762149623764
0.251072425068287,0.0113442606371182
0.1752675192228707,0.0111860209890241
0.2407082871591228,0.0120325962069468
0.2395121738118177,0.0132004260648256
0.2770165929196082,0.0120244151420448
0.2428038237376313,0.0127379537600286
0.1718331185284114,0.0122267766999544
0.2234888305888489,0.0116126483746413
0.2591763513478327,0.0119430503340965
0.2182287905620796,0.012627131559116
0.1660741278710702,0.0129943564333987
0.2258875435559275,0.0124473665758803
0.2234875497620123,0.0123728534058855
0.1987942568071048,0.012701918948786
0.2113632159903318,0.0123453426627967
0.2539575316509399,0.0115277261204133
0.2470661396059768,0.0111027802158263
0.194475819735544,0.0115455710520129
0.2636989166503554,0.0114371810378526
0.1633221840147598,0.0115359071435539
0.1462704592363479,0.0119633792903111
0.2011237170690947,0.0120428887643343
0.2102939816363687,0.0119496979973726
0.172503470074389,0.0123355992018518
0.2426713200693484,0.0121982361125334
0.1481082598497778,0.0121003652438609
0.2522849386650705,0.0118842294118379
0.1559413385371044,0.0118628136567716
0.1990220280790708,0.0115315400955418
0.1878775865984607,0.0112753733254661
0.243721498891773,0.0109744491590243
0.2375214959738514,0.0112855439201102
0.2630050062739428,0.0116470642205307
0.259355082122056,0.0108150169253307
0.1821124661651083,0.0118494379448967
0.2707350040564051,0.0115615620405428
0.245189624368777,0.0120564138962436
0.2760099265410645,0.0116108311725486
0.2570459731900882,0.0111572253026318
0.253627216899531,0.0115247959257769
0.1689167569816163,0.0115186234217262
0.2171172891162314,0.0114260538045953
0.2694563880577334,0.0107865143651514
0.1901442752077855,0.0121501984474244
0.1698745939211221,0.0116206325129512
0.2008736833490729,0.0115944850147201
0.1947917144884741,0.0112943937164351
0.217966152711142,0.0108478848400658
0.2359643927675279,0.011911796693528
0.1754208615539028,0.0115674867812802
0.2587008127648005,0.0114082228670729
0.2071491205360871,0.0112355899750918
0.1573171524605641,0.0107687058483645
0.1918635802003336,0.010795262459752
0.2098183724046975,0.0114313670978731
0.2681211780382,0.0111367477673266
0.2229930634566699,0.0112031154180291
0.1630265836274702,0.0114378612933513
0.1429445908033813,0.0121017442434652
0.1691808177010898,0.0113083934765021
0.1557694350422025,0.0115411430756701
0.2652762694760895,0.0119236437352993
0.2287514037752771,0.01168329700442
0.4495964176703637,0.0115557177908731
0.1463232636588145,0.0123293924883008
0.2721771815340617,0.0125491328944736
0.3135614742732286,0.0122895602693532
0.2039837747688579,0.0119302548499288
0.2121790861647241,0.0116538725405325
0.1547403866816239,0.0114331600381722
0.209364234797249,0.011655285614338
0.262137980414991,0.0115844542500498
0.2265800223976839,0.0124664381956319
0.173161718130359,0.0125478271190096
0.2702097026385672,0.0128149215193074
0.1503204088221537,0.0124440470755515
0.2736234855610746,0.012302918644507
0.2696245493234528,0.0116656227610749
0.2587090263832579,0.0112599217874839
0.1446524357279486,0.0110661392078312
0.1496247216373376,0.0107852185599976
0.2020413069667483,0.0117464212380262
0.2373627900433348,0.0113575037923478
0.1712067982925873,0.0120082726226104
0.255856582434717,0.0117869030663228
0.2626934190930114,0.0113125863731524
0.1889777013120692,0.0118415268963178
0.1576082297224275,0.0117141285847557
0.1614961376681094,0.0113165784327577
0.1688362526174387,0.0110697699706257
0.1738765951868117,0.0114783718991517
0.2240364329536532,0.0121260026966887
0.284061366926835,0.0117405790505973
0.2290249963189126,0.0111004848091483
0.144919631193261,0.0109449117720449
0.2365436845839212,0.0113834753340606
0.1494829365929035,0.0108547053344694
0.1587517152483997,0.0114935848977733
0.2243197320885883,0.011129642137968
0.1540580748751381,0.0109745188550422
0.1406989728657208,0.0115569489183228
0.2565446466469439,0.0112191323771576
0.1584976838421425,0.0111373402223607
0.1400797319483899,0.0107680820541611
0.248119070984103,0.0112683709439658
0.2121375108345091,0.0108856968038399
0.1472720429546825,0.01098484870913
0.1707918992660779,0.0112810525464156
0.2215677122585475,0.0108225645535776
0.2566441315530028,0.0115176107683204
0.2606619571579358,0.011669607039895
0.2730960309863803,0.0113136865980386
0.1568466917233308,0.0113113182731427
0.2477406675834572,0.0114453968717086
0.26088680005887,0.01209971269722
0.2157999774071868,0.0119643586468142
0.2645482877333052,0.0119033529229485
0.2207551490400874,0.011280563242373
0.2071266154698605,0.0125018345703516
0.2766195305175642,0.0114912754291315
0.4796812221038635,0.0112500314681551
0.2481513530128722,0.0126284685245151
0.2605853545546779,0.0124949821739152
0.271292048635587,0.012483287982912
0.2632834940923203,0.0119552767102364
0.2796825897758026,0.0118881062174725
0.3708007648610874,0.0113906814335851
0.1711650011666279,0.010904414337763
0.1904503989126169,0.0118131683532147
0.1945405814767582,0.0115255293693252
0.2405724632817509,0.0126443223170004
0.1749744378385003,0.0132540327611699
0.2485438963740307,0.0123532246829561
0.2437398119845966,0.0121132210500726
0.2400629252297221,0.0127593091826357
0.2203870689436371,0.0121431162792978
0.1538266697980361,0.0113213370725035
0.2394009527170055,0.0107918513685961
0.2316876671393402,0.0114071957593298
0.2209581963925302,0.0110658839921462
0.1505673214969647,0.0108903633098942
0.1901541595570961,0.0130330913993168
0.2053136281710976,0.0141993726465772
0.2750165249026395,0.0146579068503429
0.4587497694146805,0.0141936124200632
0.2337633862262009,0.0151613573913996
0.2284295629842745,0.0132268071816676
0.2865887212901725,0.0131716336105805
0.2683734858846947,0.0135668824199488
0.2159143648341341,0.0131166795968228
0.1778060748501957,0.0120971660764093
0.2233558784873821,0.0124553554189315
0.2512392869957693,0.0107826174107066
0.209670564661792,0.0111177317616482
0.2340116704872343,0.0109500120927205
0.1371984104507646,0.0112866205385127
0.2081387680473199,0.0108028130425773
0.1575590241673126,0.0110456104316685
0.166970179283453,0.011770632995237
0.2491639291465617,0.0111881172457039
0.2091587974500726,0.0108875519307017
0.2545606144039993,0.0120085417117176
0.2075927585065073,0.011754247657266
0.162733341189778,0.0117897520841858
0.2704405569302253,0.0113574352847688
0.2447220580743305,0.0115726977930371
0.2438817069023571,0.0119574306145029
0.2619982979931592,0.0115469399856138
0.265027908756565,0.0110489809411683
0.2487534962847348,0.0114439456810921
0.2695264532849251,0.0112498944361492
0.201638766189717,0.0114999308098305
0.2544015560251864,0.0113539730072705
0.2484903257991391,0.0110876811323266
0.2053470901237233,0.0118682085573259
0.1513735255011852,0.0116344835960628
0.2627822027616275,0.0118390849903064
0.2839616526680402,0.0111192990532908
0.2489770182328357,0.0124970316655037
0.1513834381539709,0.0122157742035078
0.2375510210276843,0.0119179579544088
0.2204142792743368,0.0119102635991617
0.2590908142683474,0.0117458774653229
0.2493253980246663,0.0119605594095988
0.2693114653147859,0.011741202861697
0.1459079280612059,0.0113882385292515
0.2630657143708959,0.0110077894863991
0.1407967536861178,0.0107689950086835
0.1680482332967585,0.0110832934766973
0.2601180032543198,0.0112111471062235
0.2386148799259899,0.0112157117745098
0.168109128298056,0.0119464394101587
0.2626204430034704,0.0120845634923231
0.1693700974419698,0.0119996865936189
0.2167159818873187,0.0115773817101609
0.1691599613131984,0.0121106260307377
0.1938606024486944,0.0124562969751834
0.2771295632337569,0.0113353763733691
0.3332470254827058,0.0110679403042249
0.2421299602183353,0.0120975905127121
0.2457317554835754,0.0118604053260224
0.2678618666695911,0.0115925486769546
0.1753705741884914,0.0114273165363108
0.1568466917233308,0.0116541403051939
0.2165905893516537,0.0118986080485358
0.1724432923010681,0.0113289683418373
0.2022234959467823,0.0110770107438039
0.2394009527170055,0.0107963482731266
0.2487534962847348,0.0123514196463732
0.2002509193362129,0.0112739441515233
0.2572770036986185,0.0110777191853635
0.2489770182328357,0.0127318684458524
0.1617913053969459,0.013169414958611
0.2694343563871371,0.0131903355323454
0.4217536631058465,0.0127354679551798
0.2491678456462978,0.0124694507117758
0.1985069069032761,0.0126765452038991
0.1579951343701395,0.0126049774908379
0.2505960514490652,0.0122461856750174
0.1846428839780856,0.0108742752104262
0.2053698314566645,0.0123729050851604
0.2607222801771058,0.0123345120701754
0.1757008219656199,0.0133803108166751
0.3702614722842554,0.0125658556231795
0.357904105219859,0.0125092654205428
0.1912497654811886,0.0121057758847838
0.1788764489701861,0.0118819356499268
0.2192753512044873,0.0115906924842976
0.1525095641918596,0.0116347234026736
0.2397549302440893,0.0111018425401191
0.2544902971658302,0.0107851593440699
0.2359668524532026,0.0107751205012764
0.1462460692446257,0.0107839867765839
0.1478416179234045,0.0110370807607016
0.1943124841809549,0.0119815003743306
0.2177359297893417,0.0119676799538671
0.25442973952795,0.0123580145784616
0.2456479731245053,0.011511270050074
0.2128058365315155,0.0111206066810666
0.1559291293979186,0.0111862771633069
0.2658140517287393,0.010837900301247
0.1376729044441162,0.012447553908164
0.1416581971825508,0.0125041182712118
0.1503108879851424,0.0127507025109275
0.2761588571820539,0.0123276783519387
0.2639236865752536,0.0124319726481647
0.1755590459451923,0.0118866129703831
0.169778730301914,0.0118746890695132
0.2307130296258037,0.0114725763848512
0.1522469883730082,0.0115890852834156
0.1896172658280193,0.0116157378039424
0.2507757436724205,0.0109262468763964
0.1925946342798852,0.0111310430398537
0.1819547011500617,0.0117441600655361
0.1565044415037846,0.0116912182691838
0.2204297813450466,0.0115261403690129
0.1983284649813868,0.0113484038891602
0.2059939247874354,0.0108619371809829
0.1567284491884493,0.0119194975972102
0.1744284829310345,0.0115876191476994
0.2065451643420601,0.0113196613742741
0.198323063902535,0.0116258831222369
0.2062204342510085,0.0115692770292605
0.1615822279773056,0.0114484519232629
0.1584136076526192,0.0108826337671778
0.1584497095091137,0.0112633339763833
0.2560084783335696,0.0108725909082864
0.1381409743307813,0.0107683650233947
0.2374880495181059,0.0112730521763052
0.1782996691363223,0.0114712104436922
0.2453315434204341,0.0119950616906084
0.1705892060608675,0.0124599370371484
0.2449977892729293,0.0123910966664681
0.2372167494322639,0.0121000147076996
0.2418775823471151,0.0115997631620624
0.2450644363516403,0.0111570794926442
0.1703245737144243,0.0131630661759268
0.2445872617890927,0.0123966404857555
0.22324362740801,0.0138367609930329
0.3090153479224682,0.0137993228471682
0.3156063921705936,0.0134619561369434
0.3271266585197736,0.013122432316064
0.2277352273795259,0.0135910632865482
0.3508151862915838,0.012539287258635
0.2564763640766614,0.012353915367707
0.1922304560703196,0.0115552702254717
0.2110949689922563,0.0116533841673983
0.150639547562605,0.0117149602803043
0.1777521462281583,0.011636439917003
0.203484180335181,0.0117970935851838
0.2520658408238887,0.0119703634934276
0.1682668146941068,0.0120575440742397
0.153786979232791,0.0121699267020558
0.1738151979870963,0.0117407490067789
0.2666403645935133,0.0118099838195463
0.2197165930883784,0.0115345765658499
0.2282922048007094,0.0119562162626327
0.2449562154806699,0.0121341872447153
0.2120694054838168,0.0124361888127777
0.1651708409535786,0.0115502807925059
0.2424749987485484,0.0112159343685328
0.1561537851148386,0.0113132981454815
0.1644165030993463,0.011127814005205
0.2410805812050966,0.0108721053196495
0.2585717605379614,0.0107911180272418
0.165807751016473,0.0114765524409487
0.2191037710117598,0.0117838910497395
0.2157994343442624,0.0112202779015065
0.1623064262585103,0.0114106083868105
0.2661609252754715,0.0110064736759941
0.2370516324181153,0.0119444620884823
0.2092042727799707,0.0113956977286242
0.1685305323098873,0.0115783583573955
0.2562293549417518,0.0116005468172019
0.2551995021840412,0.0111310126581236
0.2292981748987586,0.0114845300297208
0.2534193500778201,0.0109785805316769
0.2312435113835818,0.0107689002272967
0.2489785573252447,0.0113339991959772
0.2020728676570797,0.0109118998168681
0.2142049667399987,0.0108665060546219
0.2120309435149465,0.0115245535851263
0.2688349436393764,0.0114863904822097
0.1960990496654631,0.0113860047567624
0.155942308196245,0.0115108671846631
0.2369237272987447,0.0117612433504134
0.1419224611272511,0.0115249128492397
0.1627761031022601,0.0115061754547687
0.1721999275632697,0.0120204220479575
0.1549160445529196,0.0120753443731397
0.247540458361982,0.0119998969550084
0.2400953897067665,0.0115498861126998
0.2548378194187535,0.0111787745817002
0.2009837436935413,0.0122182590023542
0.2388128241736922,0.0120305892163123
0.2487876179029626,0.0118028641943725
0.2018737952266747,0.0117117592123194
0.2210259182284062,0.011230359882987
0.2482806888810955,0.0107822420680926
0.2089487737885065,0.0112965463668408
0.2406950451349985,0.0115437740950823
0.2374358181423304,0.0117450966927355
0.2579549495640094,0.01117435465209
0.1561537851148386,0.0107885527416163
0.2034570600571896,0.0118030670709325
0.173292866187694,0.0111888440406493
0.1475495664026311,0.0110250395075858
0.2024795270390313,0.01115338852247
0.24616438130397,0.0108443004004103
0.1571267762283241,0.0121401244144185
0.1718719122718539,0.012388353576388
0.2488992118651367,0.0121970258253879
0.2665538663350162,0.0122166562217687
0.2599948172419317,0.0113638767671027
0.1454119349882603,0.0110562225925902
0.2023417111813614,0.0112028027739914
0.1815820826932395,0.0108471153796933
0.1598093856182458,0.0117748476341854
0.2704307304347821,0.0114452073800638
0.1892964504913834,0.0113131183752407
0.1693628632474428,0.010932863564942
0.2360710019174803,0.0114434742536244
0.2117668217733808,0.0116593458445705
0.2384102275855184,0.011091504360952
0.1540177621891416,0.0108768743078114
0.2360710019174803,0.0111232245706318
0.2099378942984913,0.0110578310874799
0.1963759463687893,0.0115816626400367
0.2472827152814716,0.0114746309196356
0.1892925290203493,0.0114276066508626
0.1801089360906189,0.0111799750181106
0.2148915423276776,0.0115718105842599
0.1502109721341185,0.0116046887304227
0.1544958771082747,0.0117159827025672
0.2021901583193539,0.0118060042865132
0.1671189917742594,0.0120388218673152
0.1710586859035174,0.0119330741401303
0.2820540682541832,0.0116396935245918
0.174086772886767,0.0120006810530306
0.1891078571497928,0.0116678516144148
0.1905840160316074,0.0112246225453623
0.1591108863740373,0.0111639588836364
0.2485463093862563,0.0111467700676508
0.2421347478139068,0.0110941399870472
0.1932299081272503,0.0122832137772093
0.2516758733354436,0.0123094332842814
0.2379679851810578,0.0121179721840742
0.3240219888903084,0.0118404073983661
0.3113320546954128,0.0111760024320531
0.139338844386657,0.0117116740783429
0.26731922253839,0.0116077052493263
0.1599003681958493,0.0122133310913233
0.1507572597975013,0.0111636421784033
0.2142350721924231,0.0131481713971302
0.2462271695112576,0.0133217042313282
0.1937343455301743,0.0131818005390385
0.2577330693648036,0.013017196496923
0.2481954685890741,0.0126418820052516
0.2704886696483299,0.0124216725001003
0.217465502959385,0.012206921857563
0.2565237841836278,0.0117987569283659
0.2496819199695892,0.0107888551453489
0.2619236110076599,0.0111466349164549
0.2427015804087204,0.0110205107738208
0.1773494020744692,0.0108134111155788
0.2590162903543387,0.0114100726553067
0.145888336884127,0.0111844522384964
0.1682886124326614,0.0111158863987595
0.190747476434808,0.0119978320836828
0.2502712162986427,0.0122552760657748
0.2763442284922348,0.0114120266596741
0.2402516972433659,0.0111476101844332
0.1601966787584388,0.0115970693613649
0.1874020095547166,0.0124818030971262
0.2458980067149241,0.0124872091730896
0.216878297808762,0.0125256165505441
0.2684100804635818,0.0118481336537069
0.2621886263059423,0.0110708846991551
0.1837792077894846,0.0114540874905337
0.2395139162563282,0.0114193125462816
0.2273887782494057,0.0115570859571004
0.1969824598227205,0.0113723474820314
0.1627505114684027,0.0112901055971158
0.2015068887158122,0.0112074731470183
0.2415302476401848,0.0112670522297572
0.1552336964850837,0.0118644662529556
0.171439856750112,0.0116286207140867
0.1912005102076364,0.011401333964754
0.2072475575459975,0.0109672434523409
0.1927003834680363,0.0113244785625626
0.1621883600992077,0.0115997509669388
0.1700701715017203,0.0110468425374585
0.2558742192413774,0.0153329808119063
0.2147996584699285,0.0149343708353172
0.2215460012394032,0.0149150957799375
0.33960819641743,0.0142361611976526
0.2636841508028738,0.0139668038416331
0.2168929374338404,0.0130887260230414
0.2900223006126907,0.0127173079938937
0.1777909644242754,0.0125671128984648
0.1829528582857165,0.0119306975607367
0.2608888315990043,0.0113916369431372
0.2268036490568192,0.0113793612301859
0.1685905464728421,0.0112607878686056
0.2240759573851392,0.0112873509946109
0.2618488226762565,0.0110158417354467
0.2120309435149465,0.0109849795165108
0.211125965373867,0.0118140113363233
0.187812520767693,0.011840985484829
0.1459247971406512,0.0116670846073892
0.2249198885447185,0.0113049285429579
0.2115519396302261,0.0119350416554931
0.2150260741682359,0.0119339334556997
0.1470038430179556,0.0118497630011223
0.2446217835995412,0.0119842585809638
0.1711850479860004,0.0118093403760268
0.1769437016209849,0.0129239269053747
0.257184532570136,0.0126241865029874
0.2534358687316853,0.0125907612127963
0.288752400660087,0.012988297937864
0.1531952538798577,0.0130371830063704
0.1623974331660065,0.0126641502887615
0.2014792972113355,0.0130055315598868
0.1491190685846959,0.0129047571823949
0.2429704590067558,0.0129004715920227
0.1664386056663716,0.0125579377160818
0.2738264964918926,0.0122663433348538
0.1719200975603598,0.0125051101238349
0.2425802782090613,0.0116906227139677
0.2059260349860778,0.0110548209035301
0.2110332124493652,0.0118612532395919
0.1693464691788904,0.0118222531674951
0.2126304558078118,0.0113180091605065
0.1689706950319305,0.0108002364546393
0.1701569512688365,0.0109744997067838
0.1569818985453821,0.0111721184735335
0.217908903047828,0.0110573868114014
0.1451304410020384,0.0115755729307664
0.1597020997360232,0.0113548598959579
0.265251340631039,0.0108944174156314
0.1596942787300577,0.0107576643795285
0.2307130296258037,0.011850251036017
0.2571835564494904,0.0112258489730987
0.1551899986634453,0.0110739760535458
0.1701953433948801,0.0117805092389543
0.1660298304177558,0.0115996204417553
0.2211556381616901,0.0117057443986011
0.3170988516176294,0.0113174440242178
0.1719193832695964,0.0114330011527303
0.1894730664289454,0.0113512030000872
0.2611171086064132,0.0108385748354941
0.2611331564266947,0.0115647304868192
0.2926239187254396,0.0112516848085798
0.1602869122589254,0.0111962950115985
0.2044054427915398,0.011400025457629
0.2226696540237753,0.0116410959292066
0.3469627720296557,0.0115020427760761
0.1951087906400062,0.011566850725911
0.2157352614367482,0.0115797723534633
0.2231041564773477,0.0118068187979103
0.2420426060998579,0.0113527995445036
0.2257530727647463,0.011044275252637
0.2375214959738514,0.0122694735811104
0.1733243462804239,0.0118467289571183
0.193648010797915,0.0117726089466816
0.2623290180381445,0.011378973601608
0.1434746776549218,0.0111314252374404
0.1764867488400341,0.0116113467907587
0.2635183095217144,0.0125364972379549
0.2726557085470631,0.0122270785962077
0.1656089834805243,0.0124453087914301
0.2632020726969131,0.0119289106430972
0.2738986749291143,0.0120233717733765
0.2491571800801466,0.0115983356206979
0.1680482332967585,0.011098426545649
0.1541067934385864,0.0113536347535835
0.2109220928350623,0.0118057413945813
0.2736950472963144,0.0118656510443767
0.2804399644328441,0.0117961347529627
0.399397075341767,0.0113435965145988
0.1547577777819242,0.0111665508761905
0.1462041458071326,0.0111192406546731
0.2137764993258315,0.0110220595821635
0.1458315229065192,0.0112535170203414
0.2689639525997336,0.0108792274234685
0.1472884865906962,0.0107766328672433
0.1464722485934544,0.0107711534219763
0.2292981748987586,0.0114884015079125
0.2381692387407383,0.0113199951117987
0.1672252535790903,0.0113218552404347
0.2570027878136898,0.011362678186118
0.2739326716591677,0.0111483978450764
0.1640200892225038,0.0112119065298719
0.2365747915209795,0.0111782444818725
0.2449889450163027,0.010860392495058
0.1891580073297518,0.0110550004410454
0.2162163556968153,0.0110301025080723
0.202803100296478,0.0111207440329028
0.172485138178672,0.0114709147499567
0.2675144003378591,0.0113934622746903
0.2181875614951423,0.0109889252372297
0.1257446140234606,0.0107654028958968
0.238890204152085,0.0112924448008818
0.1927598481015593,0.0113223306535918
0.1723620447100984,0.0108132268917229
0.1379987464933947,0.0107809908924104
0.2277934159328651,0.0118866735226993
0.2208408553979097,0.0113145560502465
0.1908853812556117,0.0110905094595863
0.1701569512688365,0.0115584059672957
0.1921928828887757,0.011461159938226
0.2512963242907062,0.0113851990544785
0.2677796486041188,0.0110791429082534
0.1660661622809129,0.0111081507611755
0.2688212996963557,0.0112792505898391
0.1957676190413622,0.0108183750990374
0.2360710019174803,0.0115633792395575
0.1510539663149757,0.0114283300618933
0.2253073167121329,0.011126583608028
0.1484958357714276,0.0111537035633426
0.2501055582697518,0.0107904438593377
0.2611331564266947,0.0125955014687436
0.2881306945600954,0.0132089578910167
0.242828188812382,0.0125884805103544
0.2710837542408626,0.0120134968095316
0.2669497026290628,0.0113650449700199
0.238890204152085,0.0125316299299445
0.1959089502106508,0.0121579135273389
0.2048384624467871,0.0118801911600124
0.2907471309272296,0.0116664505794717
0.1876167264535979,0.0115102886590115
0.2227668632058339,0.0108995795806708
0.2116931562177342,0.011752053635471
0.2590931671193175,0.0126034134937032
0.2664455687126974,0.0131444365701293
0.1954503569377266,0.0125177853615555
0.2549223033129237,0.0131297643245158
0.2209609983492555,0.0121817165757001
0.1780197693742593,0.0120560169153368
0.2676088081234411,0.0116925052218415
0.1672215350145052,0.0114269962373001
0.2131748748060999,0.0113176463286548
0.1786985238350098,0.0115008865048426
0.1645817390526645,0.0112100782095082
0.1513142410967702,0.0108709162670695
0.1695781651360448,0.0130380326055985
0.3703021887404247,0.0128292627786122
0.2218727036315613,0.0128598199385237
0.2717610600529951,0.0122793651918358
0.2465644680341938,0.011821228338326
0.2572335575869147,0.0117620724751441
0.2649717740787309,0.014269492629121
0.2539474881123169,0.013789339186372
0.160990745145682,0.013020910329434
0.2788625727707767,0.012700291161553
0.368938892929691,0.0123776298936249
0.3851894953731971,0.0119816087226763
0.2630676209582816,0.0112624924971071
0.1434338320968891,0.0107892104135988
0.2487534962847348,0.0110965243997963
0.2145086891814571,0.0109111232361218
0.2157623948496621,0.012549563559845
0.235869107340477,0.0127252268124525
0.2782224656493781,0.0141235354736185
0.3789570686803927,0.01263182585032
0.2230827309895175,0.0126807205354828
0.4113312802337532,0.0118853295396565
0.2072973456834006,0.0116529657442326
0.2273113988048862,0.0111447318118146
0.2589213965684394,0.0108015767061798
0.138456688462611,0.0114017507297851
0.2058015509846882,0.0114628644583955
0.1526097765445229,0.0120285288886341
0.2579668670159663,0.0122120559988068
0.249545913626207,0.0119701934751561
0.2044653258744801,0.0116768498170579
0.1612529943531626,0.0114338763627688
0.2466570570086332,0.0109072745131889
0.1854949233138541,0.0120111822807395
0.1676635895109939,0.0118551905243271
0.2459879502475814,0.0114820776751881
0.1682320833670019,0.0112212415200148
0.2018480884053133,0.0124497382951764
0.2698949348396127,0.0122198151120942
0.1703246246070193,0.0122340708621354
0.147877082744344,0.012084720907494
0.2619524078481845,0.0124266761294225
0.1773986430252989,0.0125375670416986
0.2613697261849665,0.0117568406548116
0.2537144295465623,0.0115171381948953
0.2106180447199221,0.0112548285279518
0.2115519396302261,0.0113660930096637
0.1832601912201426,0.0113791687892623
0.1985252937502082,0.0111672760777727
0.1659029684242341,0.0110134980164675
0.1578817277659254,0.0107832262179681
0.2104561783080498,0.0113131231482947
0.2189277049701559,0.011258914528427
0.1450616571792125,0.0115215472387703
0.2110750346073473,0.0114636152628717
0.2166128584576654,0.0109937951547357
0.1502225985750556,0.0118452600664555
0.2138328139499208,0.0120288665604393
0.2429100211002151,0.0114801073876513
0.2169138766976175,0.0110559874880314
0.191294886907599,0.0112095157666152
0.1956763645630417,0.0108521102782959
0.1614502560696564,0.0110762064756571
0.2183271599378713,0.0108264988172997
0.1479466844448325,0.0107732361787921
0.2551548177007134,0.0118487997168245
0.2259288729546824,0.0113451010666523
0.3345792909030933,0.011096597501181
0.1572502676654039,0.0118015725526774
0.2580832619287321,0.0120489768536696
0.161503700834146,0.0122543196407331
0.2201950857397605,0.0121489760284215
0.2682515598889949,0.0118160061335776
0.2391536407467356,0.0116244224393372
0.2078923681692686,0.0112318359529369
0.1901442752077855,0.0111361437672483
0.1598354113448294,0.0110672106407213
0.1466930222841256,0.0115297336877252
0.2782631796571877,0.011218343347456
0.1641915860491281,0.0112097669997144
0.1680482332967585,0.0107505171695739
0.1816365525828587,0.0114066680677595
0.2350369249579671,0.0107949257307262
0.2111972870534373,0.0119909711674407
0.2546462117124974,0.0114263129114383
0.2233316450510756,0.0115552071051387
0.150067910688449,0.0109146850473903
0.2162070698477691,0.0112608119879543
0.1682904019498892,0.0110520427079639
0.1446745789826309,0.0108070164779422
0.2483062735464045,0.011821927335461
0.1591433222401974,0.0115540305014024
0.1645790860738998,0.0116156305854006
0.2538052731515563,0.0109004946780051
0.2627314497603947,0.0107935930543123
0.1472720429546825,0.0114089059239353
0.2088246875518962,0.0108533376280823
0.2411248817406885,0.0111981703441178
0.1661386850191775,0.0111742760655991
0.1971115861961152,0.0118030690852703
0.2371472784889192,0.0118111268865737
0.2501993455698539,0.0125265404468524
0.2778849644164438,0.0122442423571266
0.2655779228234678,0.0117571535006672
0.2051089906281049,0.0114185634562865
0.2536022091608174,0.010968566207146
0.239128884269121,0.0116638627837382
0.2623945965024177,0.0117915315650534
0.1687881996158466,0.0119082239422919
0.1730315623017304,0.0119283020317675
0.2231321197668876,0.0111025721497187
0.164134105551966,0.0122838789621616
0.195424661312245,0.0123594631900054
0.2697090719875632,0.0125057092097274
0.3863536346352703,0.0121391159719788
0.1541976564058131,0.0120768031966434
0.2558840753308686,0.0120101287600062
0.1606715761126906,0.011281951956435
0.2675206234607685,0.0109779207421269
0.1631878132493511,0.0111125951015393
0.256036156853952,0.0109391790664162
0.1537637403998815,0.0112920818140025
0.2582265497712797,0.0110825650801336
0.2449801725906581,0.0111496176391612
0.2098827585705294,0.0109008744411621
0.1850114718408804,0.0115178510357946
0.144060189098127,0.0115793074132474
0.1995425920858906,0.0114137367943687
0.1697494768823162,0.0110602138668952
0.2038711401701221,0.0113496690938333
0.1673934805903627,0.0117157728191284
0.16132878244116,0.0116281968974366
0.2036089947887376,0.0115629232452773
0.1524083144358883,0.0111083088500528
0.204710163042364,0.0110265759173207
0.1958802009357896,0.0114089612250063
0.1639783976906983,0.0112340571295209
0.1493805162899661,0.0109051989372082
0.2083696318250076,0.0107725909903846
0.2158095658478487,0.0112941271429942
0.2297752937247423,0.0110899674363968
0.1671567293033149,0.0107961378029578
0.2282618731824186,0.0123536061824346
0.1463533685910079,0.0127291185014603
0.2718537787350215,0.0128105652947
0.3669221207619557,0.0126951486256892
0.1497072935599135,0.0127728535225214
0.2692884887255786,0.0126750206451058
0.3681714710191954,0.0121307284865655
0.1780043505677895,0.0122202062760819
0.2006484149596872,0.0117223768417537
0.1939076268172357,0.0115089960727947
0.1572568070159832,0.0113226925232016
0.2316876989661977,0.0120328943138373
0.1972488589353815,0.0122632620090233
0.265543499504929,0.0120456279810824
0.1634147321465207,0.0122011849382405
0.2315272235573502,0.0113628212569687
0.1766211078247579,0.0112283056404211
0.1478318230656441,0.0117562892460077
0.1524095166487313,0.0115530804307371
0.2687838081810696,0.0113241359398571
0.1994756414496805,0.0114511148368432
0.2731119590625894,0.0108143000913184
0.2114335709284205,0.012501995195616
0.2660278908515465,0.0116639835589643
0.1954659800776426,0.0114751203426329
0.1713105833305235,0.0113647482583126
0.2391283027245663,0.0107901280164137
0.2033301214214589,0.0112334464692022
0.2638044550558334,0.011074119070976
0.2053722511436717,0.0114964824688121
0.1530923363498004,0.0115997354743882
0.2243323579978096,0.0113866587144827
0.1963056730546668,0.0119455205028563
0.159055232299579,0.0122282824468482
0.2702542689376059,0.011799179699129
0.2597530888861001,0.0111984106748456
0.2294596916399314,0.0114807422843553
0.2093124140101281,0.0114138791161531
0.241914960165559,0.0111210064892888
0.2007471243405234,0.0114609985362404
0.2613148208483835,0.0113453648315446
0.2170675711986405,0.0116950012491245
0.1749610783926982,0.0116564970662431
0.1554776910634245,0.0128513891592644
0.2551604503178168,0.0126645767353656
0.1540787660160276,0.0125672649792979
0.2088917082492116,0.0120646734665024
0.2656772215896126,0.0123271848993633
0.27172253093795,0.0122275730982866
0.166191789640834,0.0119799585557061
0.255694224925719,0.0113338512116779
0.1894028769247597,0.0118498995004183
0.2196881430563735,0.0119725171063947
0.2023691965287071,0.01153545143966
0.2700068595904668,0.011001322923309
0.2034570600571896,0.0107932044967475
0.2359643927675279,0.0107699677959124
0.227793319662851,0.0110175346219689
0.1992684032566103,0.0134853877087004
0.2733895723931709,0.0131542394545513
0.4949183996004649,0.0126633984876369
0.2733133179390279,0.0122956919085767
0.2764839430374195,0.0121030739983656
0.2777309245548167,0.0122052363436984
0.2241584765397419,0.0121840059582686
0.2218531079188324,0.0115801687633274
0.2106178636022377,0.0112224934084562
0.1694431497926416,0.0107938036737171
0.2481513530128722,0.0118171022054198
0.1547373911353133,0.0117428164951434
0.222710947280575,0.0109753915479876
0.1559173364285015,0.0112913190338337
0.2158890831960889,0.0111214323409742
0.2635923360203378,0.0116856617223438
0.2236386642525758,0.0118971916023495
0.2235071768564012,0.0117753852477786
0.1708799811340213,0.0114872079910589
0.2535990586893604,0.0110148532081111
